﻿<?xml version="1.0" encoding="utf-8" standalone="yes"?>

<InfoWarnings>
	<Info>Begin full analysis with NDepend v2024.1.1 on 13 Jun 2024 11:18:15</Info>
	<Info>Visual Studio solution file resolved to absolute file path: from    {.\SYOSSytem.sln}    to    {D:\OneDrive - Asia Pacific Institute of Information Technology\YEAR 3\CC&amp;CP - VS\SYOSSytem\SYOSSytem.sln}</Info>
	<Info>Output directory resolved to absolute directory path: D:\OneDrive - Asia Pacific Institute of Information Technology\YEAR 3\CC&amp;CP - VS\SYOSSytem\NDependOut</Info>
	<Info>Compare with analysis result obtained on 11 Jun 2024 23:14:27  (which is the analysis result with date closest to 30 days ago)</Info>
	<Info>
		.NET Assembly resolved from the Visual Studio solution file {D:\OneDrive - Asia Pacific Institute of Information Technology\YEAR 3\CC&amp;CP - VS\SYOSSytem\SYOSSytem.sln}
		D:\OneDrive - Asia Pacific Institute of Information Technology\YEAR 3\CC&amp;CP - VS\SYOSSytem\bin\Debug\net8.0\SYOSSytem.dll
	</Info>
	<Info>
		.NET Assembly filtered out from the Visual Studio solution file {D:\OneDrive - Asia Pacific Institute of Information Technology\YEAR 3\CC&amp;CP - VS\SYOSSytem\SYOSSytem.sln}
		TestProject
	</Info>
	<Info>Concurrent mode</Info>
	<Info>
		.NET Assemblies loaded from {C:\Program Files\dotnet\shared\Microsoft.NETCore.App\8.0.5}
		System.Runtime.dll   v8.0.0.0
		System.Collections.dll   v8.0.0.0
		System.Console.dll   v8.0.0.0
		System.Linq.dll   v8.0.0.0
		System.Threading.dll   v8.0.0.0
		System.Data.Common.dll   v8.0.0.0
	</Info>
	<Info>52 source files parsed ; all source files found ; all source files in-sync with PDB</Info>
	<Info>0 code rule has been extracted from code.</Info>
	<Info>No issue have been imported. No directory that contains issue files have been resolved from the project SYOSSytem</Info>
	<Info>No dependency cycle detected in assemblies referencement graph.</Info>
	<Info>Do merge code generated by compiler into application code.</Info>
	<Warning>
		The query defined in {Project Rules \ Quality Gates} that starts with "from t in JustMyCode.Types¶where t.IsClass &amp;&amp; t.IsUsedBy("S…" should have a name.
		The query or rule name is used as a case-insensitive unique identifier in various situations, like when processing issues in the report and in the various build-process plugin.
		A query or rule name is defined in a comment in the query body this way:  // &lt;Name&gt;Query or Rule Name Here&lt;/Name&gt;
	</Warning>
	<Info>No SuppressMessageAttribute found in the analyzed code base. Since NDepend v2018.2 SuppressMessageAttribute can be used to suppress NDepend issues. Don't forget to set in your projects the compilation symbol CODE_ANALYSIS to use this attribute to suppress NDepend issues.</Info>
	<Info>Persisting code model snapshot in {D:\OneDrive - Asia Pacific Institute of Information Technology\YEAR 3\CC&amp;CP - VS\SYOSSytem\NDependOut\NDependAnalysisResult_SYOSSytem_2024Jun13_11h18m12.ndar}</Info>
	<Info>Start log trend metrics values out-of-process.</Info>
	<Info>NDepend analysis done. Duration: 00:07.058</Info>
</InfoWarnings>