<?xml version="1.0" encoding="utf-8"?>
<Root>
	<MetricIndex>
		<Metric Name="# New Issues since Baseline" Unit="issues" />
		<Metric Name="# Issues Fixed since Baseline" Unit="issues" />
		<Metric Name="# Issues Worsened since Baseline" Unit="issues" />
		<Metric Name="# Issues with severity Blocker" Unit="issues" />
		<Metric Name="# Issues with severity Critical" Unit="issues" />
		<Metric Name="# Issues with severity High" Unit="issues" />
		<Metric Name="# Issues with severity Medium" Unit="issues" />
		<Metric Name="# Issues with severity Low" Unit="issues" />
		<Metric Name="# Blocker/Critical/High Issues" Unit="issues" />
		<Metric Name="# Issues" Unit="issues" />
		<Metric Name="# Suppressed Issues" Unit="issues" />
		<Metric Name="# Rules" Unit="rules" />
		<Metric Name="# Rules Violated" Unit="rules" />
		<Metric Name="# Critical Rules Violated" Unit="rules" />
		<Metric Name="# Quality Gates" Unit="quality gates" />
		<Metric Name="# Quality Gates Warn" Unit="quality gates" />
		<Metric Name="# Quality Gates Fail" Unit="quality gates" />
		<Metric Name="Percentage Debt (Metric)" Unit="%" />
		<Metric Name="Debt (Metric)" Unit="man-days" />
		<Metric Name="New Debt since Baseline (Metric)" Unit="man-days" />
		<Metric Name="Annual Interest (Metric)" Unit="man-days" />
		<Metric Name="New Annual Interest since Baseline (Metric)" Unit="man-days" />
		<Metric Name="Breaking Point" Unit="years" />
		<Metric Name="Breaking Point of Blocker / Critical / High Issues" Unit="years" />
		<Metric Name="# Lines of Code" Unit="LoC" />
		<Metric Name="# Lines of Code (JustMyCode)" Unit="LoC" />
		<Metric Name="# Lines of Code (NotMyCode)" Unit="LoC" />
		<Metric Name="# Lines of Code Added since the Baseline" Unit="LoC" />
		<Metric Name="# Source Files" Unit="Source Files" />
		<Metric Name="# Line Feed" Unit="LF" />
		<Metric Name="# IL Instructions" Unit="IL Instructions" />
		<Metric Name="# IL Instructions (NotMyCode)" Unit="IL Instructions" />
		<Metric Name="# Lines of Comments" Unit="Lines" />
		<Metric Name="Percentage of Comments" Unit="%" />
		<Metric Name="# Assemblies" Unit="Assemblies" />
		<Metric Name="# Namespaces" Unit="Namespaces" />
		<Metric Name="# Types" Unit="Types" />
		<Metric Name="# Public Types" Unit="Types" />
		<Metric Name="# Classes" Unit="Types" />
		<Metric Name="# Abstract Classes" Unit="Types" />
		<Metric Name="# Interfaces" Unit="Types" />
		<Metric Name="# Structures" Unit="Types" />
		<Metric Name="# Methods" Unit="Methods" />
		<Metric Name="# Abstract Methods" Unit="Methods" />
		<Metric Name="# Concrete Methods" Unit="Methods" />
		<Metric Name="# Fields" Unit="Fields" />
		<Metric Name="Max # Lines of Code for Methods (JustMyCode)" Unit="LoC" />
		<Metric Name="Average # Lines of Code for Methods" Unit="LoC" />
		<Metric Name="Average # Lines of Code for Methods with at least 3 Lines of Code" Unit="LoC" />
		<Metric Name="Max # Lines of Code for Types (JustMyCode)" Unit="LoC" />
		<Metric Name="Average # Lines of Code for Types" Unit="LoC" />
		<Metric Name="Max Cyclomatic Complexity for Methods" Unit="Paths" />
		<Metric Name="Average Cyclomatic Complexity for Methods" Unit="Paths" />
		<Metric Name="Max IL Cyclomatic Complexity for Methods" Unit="Paths" />
		<Metric Name="Average IL Cyclomatic Complexity for Methods" Unit="Paths" />
		<Metric Name="Max IL Nesting Depth for Methods" Unit="Scopes" />
		<Metric Name="Average IL Nesting Depth for Methods" Unit="Scopes" />
		<Metric Name="Max # of Methods for Types" Unit="Methods" />
		<Metric Name="Average # Methods for Types" Unit="Methods" />
		<Metric Name="Max # of Methods for Interfaces" Unit="Methods" />
		<Metric Name="Average # Methods for Interfaces" Unit="Methods" />
		<Metric Name="# Lines of Code Uncoverable" Unit="LoC" />
		<Metric Name="# Third-Party Assemblies Used" Unit="Assemblies" />
		<Metric Name="# Third-Party Namespaces Used" Unit="Namespaces" />
		<Metric Name="# Third-Party Types Used" Unit="Types" />
		<Metric Name="# Third-Party Methods Used" Unit="Methods" />
		<Metric Name="# Third-Party Fields Used" Unit="Fields" />
		<Metric Name="# Rules Violations" Unit="Violations" />
		<Metric Name="# Critical Rules" Unit="Rules" />
		<Metric Name="# Critical Rules Violations" Unit="Violations" />
	</MetricIndex>
	<M
		N="0|1|2|3|4|5|6|7|8|9|10|11|12|13|14|15|16|17|18|19|20|21|22|23|24|25|26|27|28|29|30|31|32|33|34|35|36|37|38|39|40|41|42|43|44|45|46|47|48|49|50|51|52|53|54|55|56|57|58|59|60|61|62|63|64|65|66|67|68|69">
    <R D="9/29/2024 8:02:23 AM" L="v1.0" V="67|0|4|0|0|41|43|27|41|111|0|166|25|4|12|2|3|3.32|2.2|0.45021|2.16|0.67541|1.02|0.66417|2174|2111|63|4|116|6238|34024|1054|215|9|4|31|119|116|110|3|8|0|519|33|485|126|26|3.08|7.64|209|19.59|9|1.04|38|3.88|7|0.40074|33|6.63|7|3.75|2174|44|72|237|293|5|111|21|27" />
		<R D="6/13/2024 11:18:12 AM" L="v1.0"
		   V="0|0|0|0|0|24|61|12|24|97|0|166|18|3|12|0|2|7.12|1.75|0|1.49|0|1.18|0.68506|853|853|0|0|52|2489|5027|104|7|0.81395|1|13|52|51|49|3|3|0|182|6|176|38|26|3.28|8.63|207|17.41|9|1.31|12|1.68|7|0.33916|26|5.62|1|1|853|7|14|60|69|2|97|21|14" />
		<R D="6/12/2024 4:43:13 PM" L="v1.0"
		   V="0|0|0|0|0|24|61|12|24|97|0|166|18|3|12|0|2|7.12|1.75|0|1.49|0|1.18|0.68506|853|853|0|0|52|2488|5027|104|7|0.81395|1|13|52|51|49|3|3|0|182|6|176|38|26|3.28|8.63|207|17.41|9|1.31|12|1.68|7|0.33916|26|5.62|1|1|853|7|14|60|69|2|97|21|14" />
		<R D="6/11/2024 11:14:27 PM" L="v1.0"
		   V="0|0|0|0|0|24|61|12|24|97|0|166|18|3|12|0|2|7.12|1.75|0|1.49|0|1.18|0.68506|853|853|0|0|52|2488|5026|104|7|0.81395|1|13|52|51|49|3|3|0|182|6|176|38|26|3.28|8.63|207|17.41|9|1.31|12|1.68|7|0.33916|26|5.62|1|1|853|7|14|59|67|2|97|21|14" />
	</M>
</Root>